{
    "axis": {
        "name": "Axisflying",
        "tx_2400": {
            "thor": {
                "product_name": "AXIS Thor 2.4GHz TX",
                "lua_name": "AXIS THOR 2400TX",
                "layout_file": "AXIS Thor 2400.json",
                "upload_methods": ["uart", "wifi"],
                "platform": "esp32",
                "firmware": "Unified_ESP32_2400_TX",
                "prior_target_name": "AXIS_THOR_2400_TX"
            }
        },
        "rx_2400": {
            "thor": {
                "product_name": "AXIS Thor 2.4GHz RX",
                "lua_name": "AXIS THOR 2400RX",
                "layout_file": "Generic 2400.json",
                "upload_methods": ["uart", "wifi", "betaflight"],
                "platform": "esp8285",
                "firmware": "Unified_ESP8285_2400_RX",
                "prior_target_name": "AXIS_THOR_2400_RX"
            }
        }
    },
    "betafpv": {
        "name": "BETAFPV",
        "tx_900": {
            "nano900": {
                "product_name": "BETAFPV 900MHz Nano TX",
                "lua_name": "BETAFPV 900Nano",
                "layout_file": "BETAFPV 900 Nano.json",
                "upload_methods": ["uart", "wifi"],
                "platform": "esp32",
                "firmware": "Unified_ESP32_900_TX",
                "prior_target_name": "BETAFPV_900_TX"
            },
            "micro900": {
                "product_name": "BETAFPV 900MHz Micro TX",
                "lua_name": "BETAFPV 900Micro",
                "layout_file": "BETAFPV 900 Micro.json",
                "features": ["fan"],
                "upload_methods": ["uart", "wifi"],
                "platform": "esp32",
                "firmware": "Unified_ESP32_900_TX",
                "prior_target_name": "BETAFPV_900_TX_MICRO"
            }
        },
        "rx_900": {
            "plain": {
                "product_name": "BETAFPV 900MHz RX",
                "lua_name": "BETAFPV 900RX",
                "layout_file": "Generic 900.json",
                "upload_methods": ["uart", "wifi", "betaflight"],
                "platform": "esp8285",
                "firmware": "Unified_ESP8285_900_RX",
                "prior_target_name": "BETAFPV_900_RX"
            }
        },
        "tx_2400": {
            "nano2g4": {
                "product_name": "BETAFPV 2.4GHz Nano TX",
                "lua_name": "BETAFPV 2G4Nano",
                "layout_file": "BETAFPV 2400 Nano.json",
                "upload_methods": ["uart", "wifi"],
                "platform": "esp32",
                "firmware": "Unified_ESP32_2400_TX",
                "prior_target_name": "BETAFPV_2400_TX"
            },
            "micro2g4": {
                "product_name": "BETAFPV 2.4GHz Micro TX",
                "lua_name": "BETAFPV2G4Micro",
                "layout_file": "BETAFPV 2400 Micro.json",
                "features": ["fan"],
                "upload_methods": ["uart", "wifi"],
                "platform": "esp32",
                "firmware": "Unified_ESP32_2400_TX",
                "prior_target_name": "BETAFPV_2400_TX_MICRO"
            },
            "micro1w": {
                "product_name": "BETAFPV 2.4GHz 1W Micro TX",
                "lua_name": "BFPV 2G4Micro1W",
                "layout_file": "BETAFPV 2400 Micro 1W.json",
                "features": ["fan"],
                "upload_methods": ["uart", "wifi"],
                "platform": "esp32",
                "firmware": "Unified_ESP32_2400_TX",
                "prior_target_name": "BETAFPV_2400_TX_MICRO_1000mw"
            },
            "literadio3": {
                "product_name": "BETAFPV 2.4GHz LiteRadio 3",
                "lua_name": "BETAFPV LR3 Pro",
                "layout_file": "BETAFPV 2400 LiteRadio 3.json",
                "upload_methods": ["uart", "wifi", "etx"],
                "platform": "esp32",
                "firmware": "Unified_ESP32_2400_TX",
                "prior_target_name": "BETAFPV_2400_TX_LITERADIO3"
            }
        },
        "rx_2400": {
            "aio": {
                "product_name": "BETAFPV 2.4GHz AIO RX",
                "lua_name": "BFPV AIO 2G4RX",
                "layout_file": "Generic 2400.json",
                "upload_methods": ["uart", "wifi", "betaflight"],
                "platform": "esp8285",
                "firmware": "Unified_ESP8285_2400_RX",
                "prior_target_name": "DIY_2400_RX_ESP8285_SX1280"
            },
            "lite": {
                "product_name": "BETAFPV 2.4GHz Lite RX",
                "lua_name": "BFPV Lite 2G4RX",
                "layout_file": "Generic 2400.json",
                "upload_methods": ["uart", "wifi", "betaflight"],
                "platform": "esp8285",
                "firmware": "Unified_ESP8285_2400_RX",
                "prior_target_name": "DIY_2400_RX_ESP8285_SX1280"
            },
            "nano": {
                "product_name": "BETAFPV 2.4GHz Nano RX",
                "lua_name": "BFPV Nano 2G4RX",
                "layout_file": "Generic 2400 PA.json",
                "overlay": {
                    "radio_dcdc": true
                },
                "upload_methods": ["uart", "wifi", "betaflight"],
                "platform": "esp8285",
                "firmware": "Unified_ESP8285_2400_RX",
                "prior_target_name": "BETAFPV_2400_RX"
            },
            "pwmp": {
                "product_name": "BETAFPV PWM 2.4GHz RX",
                "lua_name": "BFPV PWM 2G4RX",
                "layout_file": "Generic 2400 PWMP5.json",
                "upload_methods": ["uart", "wifi", "betaflight"],
                "platform": "esp8285",
                "firmware": "Unified_ESP8285_2400_RX",
                "prior_target_name": "DIY_2400_RX_PWMP"
            },
            "superd": {
                "product_name": "BETAFPV 2.4GHz SuperD RX",
                "lua_name": "BFPV SuperD 2G4",
                "layout_file": "Generic 2400 True Diversity PA.json",
                "overlay": {
                    "radio_dcdc": true
                },
                "upload_methods": ["uart", "wifi", "betaflight"],
                "platform": "esp32",
                "firmware": "Unified_ESP32_900_RX"
            }
        }
    },
    "diy": {
        "name": "DIY devices",
        "tx_900": {
            "ttgov1": {
                "product_name": "DIY TTGO V1 900MHz TX",
                "lua_name": "DIY900 TTGO V1",
                "layout_file": "DIY 900 TTGO V1.json",
                "upload_methods": ["uart", "wifi"],
                "platform": "esp32",
                "firmware": "Unified_ESP32_900_TX",
                "prior_target_name": "DIY_900_TX_TTGO_V1_SX127x"
            },
            "ttgov2": {
                "product_name": "DIY TTGO V2 900MHz TX",
                "lua_name": "DIY900 TTGO V2",
                "layout_file": "DIY 900 TTGO V2.json",
                "upload_methods": ["uart", "wifi"],
                "platform": "esp32",
                "firmware": "Unified_ESP32_900_TX",
                "prior_target_name": "DIY_900_TX_TTGO_V2_SX127x"
            },
            "e19": {
                "product_name": "DIY ESP32 E19 900MHz TX",
                "lua_name": "DIY900 E19",
                "layout_file": "DIY 900 E19.json",
                "upload_methods": ["uart", "wifi"],
                "platform": "esp32",
                "firmware": "Unified_ESP32_900_TX",
                "prior_target_name": "DIY_900_TX_ESP32_SX127x_E19"
            },
            "rfm95": {
                "product_name": "DIY ESP32 RFM95 900MHz TX",
                "lua_name": "DIY900 RFM95",
                "layout_file": "DIY 900 RFM95.json",
                "upload_methods": ["uart", "wifi"],
                "platform": "esp32",
                "firmware": "Unified_ESP32_900_TX",
                "prior_target_name": "DIY_900_TX_ESP32_SX127x_RFM95"
            }
        },
        "rx_900": {
            "huzzah": {
                "product_name": "DIY Huzzah RFM95 900MHz TX",
                "lua_name": "ELRS RFM95 900RX",
                "layout_file": "DIY Huzzah RFM95.json",
                "upload_methods": ["uart", "wifi", "betaflight"],
                "platform": "esp8285",
                "firmware": "Unified_ESP8285_900_RX",
                "prior_target_name": "DIY_900_RX_HUZZAH_RFM95W"
            }
        },
        "tx_2400": {
            "mini": {
                "product_name": "DIY Mini ESP32 SX1280 2.4GHz TX",
                "lua_name": "DIY2400 Mini",
                "layout_file": "DIY 2400 Mini.json",
                "upload_methods": ["uart", "wifi"],
                "platform": "esp32",
                "firmware": "Unified_ESP32_2400_TX",
                "prior_target_name": "DIY_2400_TX_ESP32_SX1280_Mini"
            },
            "e28": {
                "product_name": "DIY ESP32 E28 2.4GHz TX",
                "lua_name": "DIY2400 E28",
                "layout_file": "DIY 2400 E28.json",
                "features": ["fan"],
                "upload_methods": ["uart", "wifi"],
                "platform": "esp32",
                "firmware": "Unified_ESP32_2400_TX",
                "prior_target_name": "DIY_2400_TX_ESP32_SX1280_E28"
            },
            "f27": {
                "product_name": "DIY ESP32 F27 2.4GHz TX",
                "lua_name": "DIY2400 F27",
                "layout_file": "DIY 2400 F27.json",
                "features": ["fan"],
                "upload_methods": ["uart", "wifi"],
                "platform": "esp32",
                "firmware": "Unified_ESP32_2400_TX",
                "prior_target_name": "DIY_2400_TX_ESP32_SX1280_LORA1280F27"
            },
            "ble": {
                "product_name": "DIY ESP32 BLE Joystick TX",
                "lua_name": "DIY BLE Joystick",
                "layout_file": "DIY 2400 BLE Joystick.json",
                "upload_methods": ["uart", "wifi"],
                "platform": "esp32",
                "firmware": "Unified_ESP32_2400_TX",
                "prior_target_name": "DIY_BLE_JOYSTICK"
            }
        }
    },
    "emax": {
        "name": "EMAX",
        "tx_900": {
            "plain": {
                "product_name": "EMAX OLED 900MHz TX",
                "lua_name": "EMAX 900TX",
                "layout_file": "EMAX 900 OLED.json",
                "features": ["fan"],
                "upload_methods": ["uart", "wifi"],
                "platform": "esp32",
                "firmware": "Unified_ESP32_900_TX"
            },
            "nano": {
                "product_name": "EMAX Nano 900MHz TX",
                "lua_name": "EMAX NANO 900TX",
                "layout_file": "EMAX 900 Nano.json",
                "features": ["fan"],
                "upload_methods": ["uart", "wifi"],
                "platform": "esp32",
                "firmware": "Unified_ESP32_900_TX"
            }
        },
        "rx_900": {
            "plain": {
                "product_name": "EMAX 900MHz RX",
                "lua_name": "EMAX 900RX",
                "layout_file": "Generic 900.json",
                "upload_methods": ["uart", "wifi", "betaflight"],
                "platform": "esp8285",
                "firmware": "Unified_ESP8285_900_RX"
            }
        },
        "tx_2400": {
            "plain": {
                "product_name": "EMAX OLED 2.4GHz TX",
                "lua_name": "EMAX 2400TX",
                "layout_file": "EMAX 2400 OLED.json",
                "features": ["fan"],
                "upload_methods": ["uart", "wifi"],
                "platform": "esp32",
                "firmware": "Unified_ESP32_2400_TX"
            },
            "nano": {
                "product_name": "EMAX Nano 2.4GHz TX",
                "lua_name": "EMAX NANO 2G4TX",
                "layout_file": "EMAX 2400 Nano.json",
                "features": ["fan"],
                "upload_methods": ["uart", "wifi"],
                "platform": "esp32",
                "firmware": "Unified_ESP32_2400_TX"
            }
        },
        "rx_2400": {
            "plain": {
                "product_name": "EMAX 2.4GHz RX",
                "lua_name": "EMAX 2400RX",
                "layout_file": "Generic 2400.json",
                "overlay": {
                    "radio_dcdc": true
                },
                "upload_methods": ["uart", "wifi", "betaflight"],
                "platform": "esp8285",
                "firmware": "Unified_ESP8285_2400_RX"
            },
            "pa": {
                "product_name": "EMAX 2.4GHz PA RX",
                "lua_name": "EMAX 2400RX",
                "layout_file": "Generic 2400 PA.json",
                "overlay": {
                    "radio_dcdc": true
                },
                "upload_methods": ["uart", "wifi", "betaflight"],
                "platform": "esp8285",
                "firmware": "Unified_ESP8285_2400_RX"
            }
        }
    },
    "flywoo": {
        "name": "Flywoo",
        "rx_2400": {
            "el24e": {
                "product_name": "Flywoo EL24E 2.4GHz RX",
                "lua_name": "Flywoo EL24E",
                "layout_file": "Generic 2400.json",
                "upload_methods": ["uart", "wifi", "betaflight"],
                "platform": "esp8285",
                "firmware": "Unified_ESP8285_2400_RX",
                "prior_target_name": "DIY_2400_RX_ESP8285_SX1280"
            },
            "el24p": {
                "product_name": "Flywoo EL24P 2.4GHz RX",
                "lua_name": "Flywoo EL24P",
                "layout_file": "Generic 2400.json",
                "upload_methods": ["uart", "wifi", "betaflight"],
                "platform": "esp8285",
                "firmware": "Unified_ESP8285_2400_RX",
                "prior_target_name": "DIY_2400_RX_ESP8285_SX1280"
            }
        }
    },
    "foxeer": {
        "name": "Foxeer",
        "rx_2400": {
            "pa-rgb": {
                "product_name": "Foxeer 2.4Ghz RX",
                "lua_name": "Foxeer 2400 RX",
                "layout_file": "Generic 2400 PA RGB.json",
                "overlay": {
                    "radio_dcdc": true
                },
                "upload_methods": ["uart", "wifi", "betaflight"],
                "platform": "esp8285",
                "firmware": "Unified_ESP8285_2400_RX"
            },
            "lite": {
                "product_name": "Foxeer Lite 2.4GHz RX",
                "lua_name": "Foxeer Lite 2G4",
                "layout_file": "Generic 2400.json",
                "upload_methods": ["uart", "wifi", "betaflight"],
                "platform": "esp8285",
                "firmware": "Unified_ESP8285_2400_RX",
                "prior_target_name": "DIY_2400_RX_ESP8285_SX1280"
            }
        }
    },
    "frsky": {
        "name": "Frsky",
        "tx_900": {
            "r9m": {
                "product_name": "FrSky R9M 900MHz TX",
                "upload_methods": ["stlink", "wifi"],
                "platform": "stm32",
                "firmware": "Frsky_TX_R9M",
                "features": ["buzzer", "unlock-higher-power", "fan"],
                "stlink": {
                    "cpus": ["STM32F103C8T6", "STM32F103CBT6"],
                    "offset": "0x4000",
                    "bootloader": "r9m_bootloader.bin"
                }
            },
            "r9m-lite": {
                "product_name": "FrSky R9M Lite 900MHz TX",
                "upload_methods": ["stlink"],
                "platform": "stm32",
                "firmware": "Frsky_TX_R9M_LITE",
                "stlink": {
                    "cpus": ["STM32F103C8T6"],
                    "offset": "0x4000",
                    "bootloader": "r9m_bootloader.bin"
                }
            },
            "r9m-lite-pro": {
                "product_name": "FrSky R9M Lite Pro 900MHz TX",
                "upload_methods": ["stlink"],
                "platform": "stm32",
                "firmware": "Frsky_TX_R9M_LITE_PRO",
                "stlink": {
                    "cpus": ["STM32F303CCT6"],
                    "offset": "0x8000",
                    "bootloader": "r9m_lite_pro_bootloader.bin"
                }
            }
        },
        "rx_900": {
            "r9mm": {
                "product_name": "FrSky R9MM/Mini 900MHz RX",
                "upload_methods": ["stlink", "betaflight"],
                "platform": "stm32",
                "firmware": "Frsky_RX_R9MM_R9MINI",
                "features": ["sbus-uart"],
                "stlink": {
                    "cpus": ["STM32F103CBT6"],
                    "offset": "0x8000",
                    "bootloader": "r9mm_bootloader.bin"
                }
            },
            "r9slim": {
                "product_name": "FrSky R9 Slim 900MHz RX",
                "upload_methods": ["stlink", "betaflight"],
                "platform": "stm32",
                "firmware": "Frsky_RX_R9SLIM",
                "stlink": {
                    "cpus": ["STM32F103CBT6"],
                    "offset": "0x8000",
                    "bootloader": "r9slim_no_btn_bootloader.bin"
                }
            },
            "r9slim-plus": {
                "product_name": "FrSky R9 Slim Plus 900MHz RX",
                "upload_methods": ["stlink", "betaflight"],
                "platform": "stm32",
                "firmware": "Frsky_RX_R9SLIMPLUS",
                "stlink": {
                    "cpus": ["STM32F103CBT6"],
                    "offset": "0x8000",
                    "bootloader": "r9slim_plus_bootloader.bin"
                }
            },
            "r9slim-plus-ota": {
                "product_name": "FrSky R9 Slim Plus OTA 900MHz RX",
                "upload_methods": ["stlink", "betaflight"],
                "platform": "stm32",
                "firmware": "Frsky_RX_R9SLIMPLUS_OTA",
                "stlink": {
                    "cpus": ["STM32F303CCT6"],
                    "offset": "0x8000",
                    "bootloader": "r9slim_plus_ota_bootloader.bin"
                }
            },
            "r9mx": {
                "product_name": "FrSky R9MX 900MHz RX",
                "upload_methods": ["stlink", "betaflight"],
                "platform": "stm32",
                "firmware": "Frsky_RX_R9MX",
                "stlink": {
                    "cpus": ["STM32F103CBT6"],
                    "offset": "0x8000",
                    "bootloader": "r9mx_bootloader.bin"
                }
            }
        }
    },
    "generic": {
        "name": "Generic targets used as a base",
        "rx_900": {
            "plain": {
                "product_name": "Generic ESP8285 SX127x 900MHz RX",
                "lua_name": "ELRS 900RX",
                "layout_file": "Generic 900.json",
                "upload_methods": ["uart", "wifi", "betaflight"],
                "platform": "esp8285",
                "firmware": "Unified_ESP8285_900_RX",
                "prior_target_name": "DIY_900_RX_ESP8285_SX127x"
            },
            "pwmp": {
                "product_name": "Generic esp32 SX126x 900MHz RX",
                "lua_name": "ELRS PWMP 900RX",
                "layout_file": "Generic 2400 True Diversity PA.json",
                "upload_methods": ["uart", "wifi", "betaflight"],
                "platform": "esp32",
                "firmware": "Unified_ESP32_900_RX",
                "prior_target_name": "DIY_900_RX_PWMP"
            }
        },
        "tx_2400": {
            "dupletx": {
                "product_name": "Generic Full-duplex 2.4GHz TX",
                "lua_name": "DupleTX",
                "layout_file": "DIY 2400 DupleTX.json",
                "upload_methods": ["uart", "wifi", "etx"],
                "platform": "esp32",
                "firmware": "Unified_ESP32_2400_TX",
                "prior_target_name": "DIY_2400_TX_DUPLETX"
            },
            "dupletxesp": {
                "product_name": "Generic ESP8285 Full-duplex 2.4GHz RX as TX",
                "lua_name": "DupleTX ESP",
                "layout_file": "DIY 2400 DupleTX ESP.json",
                "upload_methods": ["uart", "wifi"],
                "platform": "esp8285",
                "firmware": "Unified_ESP8285_2400_TX",
                "prior_target_name": "DIY_2400_TX_DUPLETX_ESP"
            },
            "gemini": {
                "product_name": "Generic ESP32 2.4Ghz Gemini TX",
                "lua_name": "Gemini 2.4TX",
                "layout_file": "Generic 2400 Gemini.json",
                "upload_methods": ["uart", "wifi", "etx"],
                "platform": "esp32",
                "firmware": "Unified_ESP32_2400_TX",
                "prior_target_name": "Unified_ESP32_2400_TX"
            }
        },
        "rx_2400": {
            "pp": {
                "product_name": "Generic STM32 PP 2.4Ghz RX",
                "upload_methods": ["stlink", "betaflight"],
                "platform": "stm32",
                "firmware": "DIY_2400_RX_STM32_CCG_Nano_v0_5",
                "stlink": {
                    "cpus": ["STM32L432KCUx"],
                    "offset": "0x4000",
                    "bootloader": "sx1280_rx_nano_pcb_v0.5_bootloader.bin"
                }
            },
            "plain": {
                "product_name": "Generic ESP8285 2.4Ghz RX",
                "lua_name": "ELRS 2400RX",
                "layout_file": "Generic 2400.json",
                "upload_methods": ["uart", "wifi", "betaflight"],
                "platform": "esp8285",
                "firmware": "Unified_ESP8285_2400_RX",
                "prior_target_name": "DIY_2400_RX_ESP8285_SX1280"
            },
            "pwm5": {
                "product_name": "Generic ESP8285 5xPWM 2.4Ghz RX",
                "lua_name": "ELRS+PWM 2400RX",
                "layout_file": "Generic 2400 PWMP5.json",
                "upload_methods": ["uart", "wifi"],
                "platform": "esp8285",
                "firmware": "Unified_ESP8285_2400_RX",
                "prior_target_name": "DIY_2400_RX_PWMP"
            },
            "pwm6": {
                "product_name": "Generic ESP8285 6xPWM 2.4Ghz RX",
                "lua_name": "ELRS+PWM 2400RX",
                "layout_file": "Generic 2400 PWMP6.json",
                "upload_methods": ["uart", "wifi"],
                "platform": "esp8285",
                "firmware": "Unified_ESP8285_2400_RX",
                "prior_target_name": "DIY_2400_RX_PWMPEX"
            },
            "pwm-vario": {
                "product_name": "Generic ESP32 PWM Vario 2.4Ghz RX",
                "lua_name": "Vario 2400RX",
                "layout_file": "Vario 2400.json",
                "upload_methods": ["uart", "wifi"],
                "platform": "esp32",
                "firmware": "Unified_ESP32_2400_RX"
            },
            "pwm7": {
                "product_name": "Generic ESP8285 7xPWM 2.4Ghz RX",
                "lua_name": "ELRS+PWM 2400RX",
                "layout_file": "Generic 2400 PWMP7.json",
                "upload_methods": ["uart", "wifi"],
                "platform": "esp8285",
                "firmware": "Unified_ESP8285_2400_RX"
            },
            "pa": {
                "product_name": "Generic ESP8285 PA 2.4Ghz RX",
                "lua_name": "ELRS+PA 2400RX",
                "layout_file": "Generic 2400 PA.json",
                "upload_methods": ["uart", "wifi", "betaflight"],
                "platform": "esp8285",
                "firmware": "Unified_ESP8285_2400_RX"
            },
            "pa-rgb": {
                "product_name": "Generic ESP8285 RGB + PA 2.4Ghz RX",
                "lua_name": "ELRS+RGB 2400RX",
                "layout_file": "Generic 2400 PA RGB.json",
                "upload_methods": ["uart", "wifi", "betaflight"],
                "platform": "esp8285",
                "firmware": "Unified_ESP8285_2400_RX"
            },
            "diversity": {
                "product_name": "Generic ESP8285 Diversity PA 2.4Ghz RX",
                "lua_name": "ELRS+D 2400RX",
                "layout_file": "Generic 2400 Diversity PA.json",
                "upload_methods": ["uart", "wifi", "betaflight"],
                "platform": "esp8285",
                "firmware": "Unified_ESP8285_2400_RX"
            },
            "frank": {
                "product_name": "Generic ESP32 2.4Ghz Franken RX",
                "lua_name": "Frank 2400RX",
                "layout_file": "Frank 2400.json",
                "upload_methods": ["uart", "wifi", "betaflight"],
                "platform": "esp32",
                "firmware": "Unified_ESP32_2400_RX"
            },
            "rx_vtx": {
                "product_name": "Generic ESP32 2.4Ghz Rx and VTx",
                "lua_name": "Rx+VTx 2400RX",
                "layout_file": "Generic 2400 Whoop Rx and VTx.json",
                "upload_methods": ["uart", "wifi", "betaflight"],
                "platform": "esp32",
                "firmware": "Unified_ESP32_2400_RX"
            },
            "true_diversity": {
                "product_name": "Generic ESP32 True Diversity PA 2.4Ghz RX",
                "lua_name": "Diversity 2.4RX",
                "layout_file": "Generic 2400 True Diversity PA.json",
                "upload_methods": ["uart", "wifi", "betaflight"],
                "platform": "esp32",
                "firmware": "Unified_ESP32_2400_RX"
            },
            "diversity_pa_vtx": {
                "product_name": "Generic ESP32 True Diversity PA 2.4Ghz RX and VTx",
                "lua_name": "Div+VTx 2.4RX",
                "layout_file": "Generic 2400 True Diversity PA and VTx.json",
                "upload_methods": ["uart", "wifi", "betaflight"],
                "platform": "esp32",
                "firmware": "Unified_ESP32_2400_RX"
            },
            "diversity_vtx": {
                "product_name": "Generic ESP32 True Diversity 2.4Ghz RX and VTx",
                "lua_name": "Div+VTx 2.4RX",
                "layout_file": "Generic 2400 True Diversity and VTx.json",
                "upload_methods": ["uart", "wifi", "betaflight"],
                "platform": "esp32",
                "firmware": "Unified_ESP32_2400_RX"
            }
        }
    },
    "geprc": {
        "name": "GEPRC",
        "rx_900": {
            "nano": {
                "product_name": "GEPRC Nano 900MHz RX",
                "lua_name": "GEPRC Nano RX",
                "layout_file": "Generic 900.json",
                "upload_methods": ["uart", "wifi", "betaflight"],
                "platform": "esp8285",
                "firmware": "Unified_ESP8285_900_RX"
            }
        },
        "rx_2400": {
            "nano": {
                "product_name": "GEPRC Nano(SE) 2.4GHz RX",
                "lua_name": "GEPRC Nano RX",
                "layout_file": "Generic 2400.json",
                "upload_methods": ["uart", "wifi", "betaflight"],
                "platform": "esp8285",
                "firmware": "Unified_ESP8285_2400_RX",
                "prior_target_name": "DIY_2400_RX_ESP8285_SX1280"
            }
        }
    },
    "happymodel": {
        "name": "Happymodel",
        "tx_900": {
            "es915": {
                "product_name": "HappyModel ES915 TX",
                "upload_methods": ["stlink", "wifi"],
                "platform": "stm32",
                "firmware": "HappyModel_TX_ES915TX",
                "has_buzzer": true,
                "stlink": {
                    "cpus": ["STM32F103C8T6", "STM32F103CBT6"],
                    "offset": "0x4000",
                    "bootloader": "r9m_bootloader.bin"
                }
            },
            "es900": {
                "product_name": "HappyModel ES900 TX",
                "lua_name": "HM ES900TX",
                "layout_file": "HappyModel ES900.json",
                "upload_methods": ["uart", "wifi"],
                "platform": "esp32",
                "firmware": "Unified_ESP32_900_TX",
                "prior_target_name": "HappyModel_TX_ES900TX"
            }
        },
        "rx_900": {
            "es915": {
                "product_name": "HappyModel ES915 RX",
                "upload_methods": ["stlink", "betaflight"],
                "platform": "stm32",
                "firmware": "HappyModel_RX_ES915RX",
                "stlink": {
                    "cpus": ["STM32F103C8T6", "STM32F103CBT6"],
                    "offset": "0x8000",
                    "bootloader": "r9mm_bootloader.bin"
                }
            },
            "es900": {
                "product_name": "HappyModel ES900 RX",
                "lua_name": "HM ES900RX",
                "layout_file": "Generic 900.json",
                "upload_methods": ["uart", "wifi", "betaflight"],
                "features": ["fan"],
                "platform": "esp8285",
                "firmware": "Unified_ESP8285_900_RX",
                "prior_target_name": "HappyModel_RX_ES900RX"
            }
        },
        "tx_2400": {
            "es24": {
                "product_name": "HappyModel ES24 2.4GHz TX",
                "lua_name": "HM ES24TX",
                "layout_file": "HappyModel ES24.json",
                "features": ["fan"],
                "upload_methods": ["uart", "wifi"],
                "platform": "esp32",
                "firmware": "Unified_ESP32_2400_TX",
                "prior_target_name": "HappyModel_ES24TX_2400_TX"
            },
            "es24pro": {
                "product_name": "HappyModel ES24 Pro 2.4GHz TX",
                "lua_name": "HM ES24TX Pro",
                "layout_file": "HappyModel ES24 Pro.json",
                "features": ["fan"],
                "upload_methods": ["uart", "wifi"],
                "platform": "esp32",
                "firmware": "Unified_ESP32_2400_TX",
                "prior_target_name": "HappyModel_ES24TX_Pro_Series_2400_TX"
            },
            "es24slimpro": {
                "product_name": "HappyModel ES24 Slim Pro 2.4GHz TX",
                "lua_name": "HM ES24 SlimPro",
                "layout_file": "HappyModel ES24 Pro.json",
                "features": ["fan"],
                "upload_methods": ["uart", "wifi"],
                "platform": "esp32",
                "firmware": "Unified_ESP32_2400_TX",
                "prior_target_name": "HappyModel_ES24TX_Pro_Series_2400_TX"
            }
        },
        "rx_2400": {
            "pp": {
                "product_name": "HappyModel PP 2.4GHz RX",
                "upload_methods": ["stlink", "betaflight"],
                "platform": "stm32",
                "firmware": "HappyModel_PP_2400_RX",
                "stlink": {
                    "cpus": ["STM32L432KCUx"],
                    "offset": "0x4000",
                    "bootloader": "sx1280_rx_nano_pcb_v0.5_bootloader.bin"
                }
            },
            "ep": {
                "product_name": "HappyModel EP1/2 2.4GHz RX",
                "lua_name": "HM EP 2400",
                "layout_file": "Generic 2400.json",
                "upload_methods": ["uart", "wifi", "betaflight"],
                "platform": "esp8285",
                "firmware": "Unified_ESP8285_2400_RX",
                "prior_target_name": "HappyModel_EP_2400_RX"
            },
            "ep-dual": {
                "product_name": "HappyModel EP Dual 2.4GHz RX",
                "lua_name": "HM EP Dual 2400",
                "layout_file": "Generic 2400 True Diversity PA.json",
                "upload_methods": ["uart", "wifi", "betaflight"],
                "platform": "esp32",
                "firmware": "Unified_ESP32_2400_RX"
            }
        }
    },
    "hglrc": {
        "name": "HGLRC",
        "rx_900": {
            "hermes": {
                "product_name": "HGLRC Hermes 900MHz RX",
                "lua_name": "HGLRC Hermes 900",
                "layout_file": "Generic 900.json",
                "upload_methods": ["uart", "wifi", "betaflight"],
                "platform": "esp8285",
                "firmware": "Unified_ESP8285_900_RX",
                "prior_target_name": "HGLRC_Hermes_900_RX"
            }
        },
        "tx_2400": {
            "hermes": {
                "product_name": "HGLRC Hermes 2.4GHz TX",
                "lua_name": "HGLRC Hermes",
                "layout_file": "HGLRC Hermes 2400.json",
                "upload_methods": ["uart", "wifi"],
                "platform": "esp32",
                "firmware": "Unified_ESP32_2400_TX",
                "prior_target_name": "HGLRC_Hermes_2400_TX"
            }
        },
        "rx_2400": {
            "hermes": {
                "product_name": "HGLRC Hermes 2.4GHz RX",
                "lua_name": "HGLRC Hermes 2G4",
                "layout_file": "Generic 2400.json",
                "upload_methods": ["uart", "wifi", "betaflight"],
                "platform": "esp8285",
                "firmware": "Unified_ESP8285_2400_RX",
                "prior_target_name": "HGLRC_Hermes_2400_RX"
            }
        }
    },
    "hiyounger": {
        "name": "HiYOUNGER",
        "tx_2400": {
            "plain": {
                "product_name": "HiYOUNGER 2.4GHz TX",
                "lua_name": "HiYOUNGER TX2G4",
                "layout_file": "BETAFPV 2400 Nano.json",
                "upload_methods": ["uart", "wifi"],
                "platform": "esp32",
                "firmware": "Unified_ESP32_2400_TX",
                "prior_target_name": "BETAFPV_2400_TX"
            }
        },
        "rx_2400": {
            "rx24t": {
                "product_name": "HiYOUNGER RX24T 2.4GHz RX",
                "lua_name": "HiYOUNGER RX24T",
                "layout_file": "Generic 2400 PA.json",
                "upload_methods": ["uart", "wifi", "betaflight"],
                "platform": "esp8285",
                "firmware": "Unified_ESP8285_2400_RX",
                "prior_target_name": "BETAFPV_Nano_2400_RX"
            },
            "ep24s": {
                "product_name": "HiYOUNGER EP24S 2.4GHz RX",
                "lua_name": "HiYOUNGER EP24S",
                "layout_file": "Generic 2400.json",
                "upload_methods": ["uart", "wifi", "betaflight"],
                "platform": "esp8285",
                "firmware": "Unified_ESP8285_2400_RX",
                "prior_target_name": "DIY_2400_RX_ESP8285_SX1280"
            },
            "sp24s": {
                "product_name": "HiYOUNGER SP24S 2.4GHz RX",
                "lua_name": "HiYOUNGER SP24S",
                "layout_file": "Generic 2400.json",
                "upload_methods": ["uart", "wifi", "betaflight"],
                "platform": "esp8285",
                "firmware": "Unified_ESP8285_2400_RX",
                "prior_target_name": "DIY_2400_RX_ESP8285_SX1280"
            }
        },
        "tx_900": {
            "plain": {
                "product_name": "HiYOUNGER 900 TX",
                "lua_name": "HiYOUNGER 900 TX",
                "layout_file": "BETAFPV 900 Nano.json",
                "upload_methods": ["uart", "wifi"],
                "platform": "esp32",
                "firmware": "Unified_ESP32_900_TX",
                "prior_target_name": "BETAFPV_900_TX"
            }
        },
        "rx_900": {
            "plain": {
                "product_name": "HiYOUNGER 900MHz RX",
                "lua_name": "HiYOUNGER 900RX",
                "layout_file": "Generic 900.json",
                "upload_methods": ["uart", "wifi", "betaflight"],
                "platform": "esp8285",
                "firmware": "Unified_ESP8285_900_RX",
                "prior_target_name": "BETAFPV_900_RX"
            }
        }
    },
    "iflight": {
        "name": "iFlight",
        "tx_900": {
            "plain": {
                "product_name": "iFlight 900MHz TX",
                "lua_name": "iFlight 900TX",
                "layout_file": "iFlight 900.json",
                "upload_methods": ["uart", "wifi"],
                "platform": "esp32",
                "firmware": "Unified_ESP32_900_TX",
                "prior_target_name": "iFlight_900_TX"
            }
        },
        "rx_900": {
            "plain": {
                "product_name": "iFlight 900MHz RX",
                "lua_name": "iFlight 900RX",
                "layout_file": "Generic 900.json",
                "upload_methods": ["uart", "wifi", "betaflight"],
                "platform": "esp8285",
                "firmware": "Unified_ESP8285_900_RX",
                "prior_target_name": "iFlight_900_RX"
            }
        },
        "tx_2400": {
            "plain": {
                "product_name": "iFlight 2.4GHz TX",
                "lua_name": "iFlight 2400TX",
                "layout_file": "iFlight 2400.json",
                "upload_methods": ["uart", "wifi"],
                "platform": "esp32",
                "firmware": "Unified_ESP32_2400_TX",
                "prior_target_name": "iFlight_2400_TX"
            }
        },
        "rx_2400": {
            "plain": {
                "product_name": "iFlight 2.4GHz RX",
                "lua_name": "iFlight 2400RX",
                "layout_file": "iFlight 2400.json",
                "upload_methods": ["uart", "wifi", "betaflight"],
                "platform": "esp8285",
                "firmware": "Unified_ESP8285_2400_RX",
                "prior_target_name": "iFlight_2400_RX"
            }
        }
    },
    "imrc": {
        "name": "ImmersionRC",
        "tx_2400": {
            "ghost": {
                "product_name": "Ghost 2.4GHz TX",
                "upload_methods": ["stlink"],
                "platform": "stm32",
                "firmware": "GHOST_2400_TX",
                "features": ["buzzer"],
                "stlink": {
                    "cpus": ["STM32F303CCT6"],
                    "offset": "0x4000",
                    "bootloader": "ghost/ghost_tx_bootloader.bin"
                }
            },
            "ghost_lite": {
                "product_name": "Ghost Lite 2.4GHz TX",
                "upload_methods": ["stlink"],
                "platform": "stm32",
                "firmware": "GHOST_2400_TX_LITE",
                "features": ["buzzer"],
                "stlink": {
                    "cpus": ["STM32F303CCT6"],
                    "offset": "0x4000",
                    "bootloader": "ghost/ghost_tx_bootloader.bin"
                }
            }
        },
        "rx_2400": {
            "atto": {
                "product_name": "Ghost Atto 2.4GHz TX",
                "upload_methods": ["stlink", "betaflight"],
                "platform": "stm32",
                "firmware": "GHOST_ATTO_2400_RX",
                "stlink": {
                    "cpus": ["STM32F303K8Tx"],
                    "offset": "0x4000",
                    "bootloader": "ghost/ghost_atto_bootloader.bin"
                }
            }
        }
    },
    "jhemcu": {
        "name": "JHEMCU",
        "rx_2400": {
            "rx24t": {
                "product_name": "JHEMCU RX24T 2.4GHz RX",
                "lua_name": "JHEMCU RX24T",
                "layout_file": "Generic 2400 PA.json",
                "upload_methods": ["uart", "wifi", "betaflight"],
                "platform": "esp8285",
                "firmware": "Unified_ESP8285_2400_RX",
                "prior_target_name": "BETAFPV_Nano_2400_RX"
            },
            "ep24s": {
                "product_name": "JHEMCU EP24S 2.4GHz RX",
                "lua_name": "JHEMCU EP24S",
                "layout_file": "Generic 2400.json",
                "upload_methods": ["uart", "wifi", "betaflight"],
                "platform": "esp8285",
                "firmware": "Unified_ESP8285_2400_RX",
                "prior_target_name": "DIY_2400_RX_ESP8285_SX1280"
            },
            "sp24s": {
                "product_name": "JHEMCU SP24S 2.4GHz RX",
                "lua_name": "JHEMCU SP24S",
                "layout_file": "Generic 2400.json",
                "upload_methods": ["uart", "wifi", "betaflight"],
                "platform": "esp8285",
                "firmware": "Unified_ESP8285_2400_RX",
                "prior_target_name": "DIY_2400_RX_ESP8285_SX1280"
            }
        }
    },
    "jumper": {
        "name": "Jumper",
        "tx_2400": {
            "t-pro": {
                "product_name": "Jumper AION T-Pro 2.4GHz TX",
                "lua_name": "AION T-Pro TX",
                "layout_file": "Jumper T-Pro.json",
                "upload_methods": ["uart", "wifi", "etx"],
                "platform": "esp32",
                "firmware": "Unified_ESP32_2400_TX",
                "prior_target_name": "Jumper_AION_2400_T-Pro_TX"
            },
            "t-lite": {
                "product_name": "Jumper AION T-Lite 2.4GHz TX",
                "lua_name": "AION T-Lite TX",
                "layout_file": "Jumper T-Lite.json",
                "upload_methods": ["uart", "wifi", "etx"],
                "platform": "esp32",
                "firmware": "Unified_ESP32_2400_TX",
                "prior_target_name": "Jumper_AION_2400_T-Lite_TX"
            },
            "nano": {
                "product_name": "Jumper AION Nano 2.4GHz TX",
                "lua_name": "AION 2G4NANO TX",
                "layout_file": "Jumper AION Nano.json",
                "upload_methods": ["uart", "wifi"],
                "platform": "esp32",
                "firmware": "Unified_ESP32_2400_TX",
                "prior_target_name": "Jumper_AION_NANO_2400_TX"
            }
        },
        "rx_2400": {
            "ep24s": {
                "product_name": "Jumper AION Mini 2.4GHz RX",
                "lua_name": "AION RX24 MINI",
                "layout_file": "Generic 2400.json",
                "overlay": {
                    "radio_dcdc": true
                },
                "upload_methods": ["uart", "wifi", "betaflight"],
                "platform": "esp8285",
                "firmware": "Unified_ESP8285_2400_RX",
                "prior_target_name": "DIY_2400_RX_ESP8285_SX1280"
            },
            "nano": {
                "product_name": "Jumper AION Nano 2.4GHz RX",
                "lua_name": "AION 2G4NANORX",
                "layout_file": "Generic 2400 PA.json",
                "overlay": {
                    "radio_dcdc": true
                },
                "upload_methods": ["uart", "wifi", "betaflight"],
                "platform": "esp8285",
                "firmware": "Unified_ESP8285_2400_RX"
            }
        },
        "rx_900": {
            "mini": {
                "product_name": "Jumper 900 Mini RX",
                "upload_methods": ["stlink", "betaflight"],
                "platform": "stm32",
                "firmware": "Jumper_RX_R900MINI",
                "stlink": {
                    "cpus": ["STM32F103C8T6", "STM32F103CBT6"],
                    "offset": "0x8000",
                    "bootloader": "jumper_r900_bootloader.bin"
                }
            }
        }
    },
    "matek": {
        "name": "Matek Systems",
        "rx_2400": {
            "r24d": {
                "product_name": "MATEK R24-D 2.4GHz RX",
                "lua_name": "MATEK R24-D",
                "layout_file": "Generic 2400 Diversity PA.json",
                "upload_methods": ["uart", "wifi", "betaflight"],
                "platform": "esp8285",
                "firmware": "Unified_ESP8285_2400_RX",
                "prior_target_name": "MATEK_2400_RX_R24D"
            },
            "r24s": {
                "product_name": "MATEK R24-S 2.4GHz RX",
                "lua_name": "MATEK R24-S",
                "layout_file": "Generic 2400 PA.json",
                "upload_methods": ["uart", "wifi", "betaflight"],
                "platform": "esp8285",
                "firmware": "Unified_ESP8285_2400_RX",
                "prior_target_name": "MATEK_2400_RX"
            },
            "r24p": {
                "product_name": "MATEK R24-P PWM 2.4GHz RX",
                "lua_name": "MATEK R24-P",
                "layout_file": "Generic 2400 PWMP5.json",
                "upload_methods": ["uart", "wifi"],
                "platform": "esp8285",
                "firmware": "Unified_ESP8285_2400_RX",
                "prior_target_name": "MATEK_2400_RX_PWM"
            }
        }
    },
    "namimnorc": {
        "name": "NamimnoRC",
        "tx_900": {
            "voyager_stm": {
                "product_name": "NamimnoRC Voyager 900MHz TX",
                "upload_methods": ["stlink", "wifi"],
                "platform": "stm32",
                "firmware": "NamimnoRC_VOYAGER_900_TX",
                "features": ["fan"],
                "stlink": {
                    "cpus": ["STM32F103C8T6", "STM32F103CBT6"],
                    "offset": "0x4000",
                    "bootloader": "namimnorc/tx/namimnorc_tx_bootloader.bin"
                }
            },
            "voyager": {
                "product_name": "NamimnoRC Voyager OLED 900MHz TX",
                "lua_name": "NM Voyager OLED",
                "layout_file": "Namimno Voyager OLED.json",
                "upload_methods": ["uart", "wifi"],
                "platform": "esp32",
                "firmware": "Unified_ESP32_900_TX",
                "prior_target_name": "NamimnoRC_VOYAGER_900_OLED_TX"
            }
        },
        "rx_900": {
            "voyager_stm": {
                "product_name": "NamimnoRC Voyager STM 900MHz RX",
                "upload_methods": ["stlink", "betaflight"],
                "platform": "stm32",
                "firmware": "NamimnoRC_VOYAGER_900_RX",
                "stlink": {
                    "cpus": ["STM32F103C8T6", "STM32F103CBT6"],
                    "offset": "0x8000",
                    "bootloader": "namimnorc/rx/voyager_900_bootloader.bin"
                }
            },
            "voyager": {
                "product_name": "NamimnoRC Voyager ESP 900MHz RX",
                "lua_name": "Namimno 900RX",
                "layout_file": "Namimno VOYAGER 900.json",
                "upload_methods": ["uart", "wifi", "betaflight"],
                "platform": "esp8285",
                "firmware": "Unified_ESP8285_900_RX",
                "prior_target_name": "NamimnoRC_VOYAGER_900_ESP_RX"
            }
        },
        "tx_2400": {
            "flash_stm": {
                "product_name": "NamimnoRC Flash 2.4GHz TX",
                "upload_methods": ["stlink", "wifi"],
                "platform": "stm32",
                "firmware": "NamimnoRC_FLASH_2400_TX",
                "features": ["fan"],
                "stlink": {
                    "cpus": ["STM32F103C8T6", "STM32F103CBT6"],
                    "offset": "0x4000",
                    "bootloader": "namimnorc/tx/namimnorc_tx_bootloader.bin"
                }
            },
            "flash": {
                "product_name": "NamimnoRC Flash OLED 2.4GHz TX",
                "lua_name": "NM Flash OLED",
                "layout_file": "Namimno Flash OLED.json",
                "features": ["fan"],
                "upload_methods": ["uart", "wifi"],
                "platform": "esp32",
                "firmware": "Unified_ESP32_2400_TX",
                "prior_target_name": "NamimnoRC_FLASH_2400_OLED_TX"
            }
        },
        "rx_2400": {
            "flash_stm": {
                "product_name": "NamimnoRC Flash STM 2.4GHz RX",
                "upload_methods": ["stlink", "betaflight"],
                "platform": "stm32",
                "firmware": "NamimnoRC_FLASH_2400_RX",
                "stlink": {
                    "cpus": ["STM32F103C8T6", "STM32F103CBT6"],
                    "offset": "0x8000",
                    "bootloader": "namimnorc/rx/flash_2400_bootloader.bin"
                }
            },
            "flash": {
                "product_name": "NamimnoRC Flash ESP 2.4GHz RX",
                "lua_name": "Namimno 2400RX",
                "layout_file": "Generic 2400.json",
                "upload_methods": ["uart", "wifi", "betaflight"],
                "platform": "esp8285",
                "firmware": "Unified_ESP8285_2400_RX",
                "prior_target_name": "NamimnoRC_FLASH_2400_ESP_RX"
            },
            "flash-pa": {
                "product_name": "NamimnoRC Flash 100mW Diversity 2.4GHz RX",
                "lua_name": "Namimno 2400RX",
                "layout_file": "Namimno FLASH 2400 PA.json",
                "upload_methods": ["uart", "wifi", "betaflight"],
                "platform": "esp8285",
                "firmware": "Unified_ESP8285_2400_RX",
                "prior_target_name": "NamimnoRC_FLASH_2400_ESP_RX_PA"
            }
        }
    },
    "neutronrc": {
        "name": "NeutronRC",
        "rx_900": {
            "plain": {
                "product_name": "NeutronRC 900MHz RX",
                "lua_name": "NeutronRC 900",
                "layout_file": "Generic 900.json",
                "upload_methods": ["uart", "wifi", "betaflight"],
                "platform": "esp8285",
                "firmware": "Unified_ESP8285_900_RX",
                "prior_target_name": "NeutronRC_900_RX"
            }
        }
    },
    "quadkopters": {
        "name": "QuadKopters",
        "tx_2400": {
            "jr": {
                "product_name": "QuadKopters JR 2.4GHz TX",
                "lua_name": "QuadKopters 2G4",
                "layout_file": "QuadKopters JR 2400.json",
                "upload_methods": ["uart", "wifi"],
                "platform": "esp32",
                "firmware": "Unified_ESP32_2400_TX",
                "prior_target_name": "QuadKopters_JR_2400_TX"
            },
            "slim": {
                "product_name": "QuadKopters Slim 2.4GHz TX",
                "lua_name": "QuadKopters 2G4",
                "layout_file": "QuadKopters JR 2400.json",
                "upload_methods": ["uart", "wifi"],
                "platform": "esp32",
                "firmware": "Unified_ESP32_2400_TX",
                "prior_target_name": "QuadKopters_SLIM_2400_TX"
            }
        },
        "rx_2400": {
            "nano": {
                "product_name": "QuadKopters Nano 2.4GHz RX",
                "lua_name": "QuadKopters 2G4",
                "layout_file": "Generic 2400.json",
                "upload_methods": ["uart", "wifi", "betaflight"],
                "platform": "esp8285",
                "firmware": "Unified_ESP8285_2400_RX",
                "prior_target_name": "QuadKopters_NANO_RX"
            }
        }
    },
    "radiomaster": {
        "name": "Radiomaster",
        "tx_2400": {
            "zorro": {
                "product_name": "RadioMaster Zorro 2.4GHz TX",
                "lua_name": "RM Zorro",
                "layout_file": "Radiomaster Zorro.json",
                "upload_methods": ["uart", "wifi", "etx"],
                "platform": "esp32",
                "firmware": "Unified_ESP32_2400_TX",
                "prior_target_name": "RadioMaster_Zorro_2400_TX"
            },
            "tx16s": {
                "product_name": "RadioMaster TX16S Internal 2.4GHz TX",
                "lua_name": "RM TX16S",
                "layout_file": "Radiomaster TX16S 2400.json",
                "upload_methods": ["uart", "wifi", "etx"],
                "platform": "esp32",
                "firmware": "Unified_ESP32_2400_TX",
                "prior_target_name": "RadioMaster_TX16S_2400_TX"
            },
            "tx12": {
                "product_name": "RadioMaster TX12 Internal 2.4GHz TX",
                "lua_name": "RM TX12",
                "layout_file": "Radiomaster Zorro.json",
                "upload_methods": ["uart", "wifi", "etx"],
                "platform": "esp32",
                "firmware": "Unified_ESP32_2400_TX",
                "prior_target_name": "RadioMaster_Zorro_2400_TX"
            },
            "ranger": {
                "product_name": "RadioMaster Ranger 2.4GHz TX",
                "lua_name": "RM Ranger",
                "layout_file": "Radiomaster Ranger.json",
                "upload_methods": ["uart", "wifi"],
                "platform": "esp32",
                "firmware": "Unified_ESP32_2400_TX"
            },
            "ranger-micro": {
                "product_name": "RadioMaster Ranger Micro 2.4GHz TX",
                "lua_name": "RM Ranger Micro",
                "layout_file": "Radiomaster Ranger Micro.json",
                "upload_methods": ["uart", "wifi"],
                "platform": "esp32",
                "firmware": "Unified_ESP32_2400_TX"
            },
            "ranger-nano": {
                "product_name": "RadioMaster Ranger Nano 2.4GHz TX",
                "lua_name": "RM Ranger Nano",
                "layout_file": "Radiomaster Ranger Micro.json",
                "overlay": {
                    "power_values": [-18,-15,-12,-8,-5,0]
                },
                "upload_methods": ["uart", "wifi"],
                "platform": "esp32",
                "firmware": "Unified_ESP32_2400_TX"
			},
            "boxer": {
                "product_name": "RadioMaster Boxer Internal 2.4GHz TX",
                "lua_name": "RM Boxer",
                "layout_file": "Radiomaster Boxer.json",
                "upload_methods": ["uart", "wifi", "etx"],
                "platform": "esp32",
                "firmware": "Unified_ESP32_2400_TX"
            }
        },
        "rx_2400": {
            "er4": {
                "product_name": "RadioMaster ER4 2.4GHz PWM RX",
                "lua_name": "RM ER4",
                "layout_file": "Generic 2400 PWMP5.json",
                "overlay": {
                    "power_dcdc": true,
                    "pwm_outputs": [0,1,3,9]
                },
                "upload_methods": ["uart", "wifi"],
                "platform": "esp8285",
                "firmware": "Unified_ESP8285_2400_RX",
                "prior_target_name": "DIY_2400_RX_PWMP"
            },
            "er5": {
                "product_name": "RadioMaster ER5A/C 2.4GHz PWM RX",
                "lua_name": "RM ER5A/C",
                "layout_file": "Generic 2400 PWMP5.json",
                "upload_methods": ["uart", "wifi"],
                "platform": "esp8285",
                "firmware": "Unified_ESP8285_2400_RX",
                "prior_target_name": "DIY_2400_RX_PWMP"
            },
            "er6": {
                "product_name": "RadioMaster ER6-GV 2.4GHz PWM RX",
                "lua_name": "RM ER6-GV",
                "layout_file": "Vario 2400.json",
                "overlay": {
                    "power_dcdc": true
                },
                "upload_methods": ["uart", "wifi"],
                "platform": "esp8285",
                "firmware": "Unified_ESP8285_2400_RX",
                "prior_target_name": "Vario 2400RX"
            },
            "rp1": {
                "product_name": "RadioMaster RP1 2.4GHz RX",
                "lua_name": "RM RP1",
                "layout_file": "Generic 2400.json",
                "upload_methods": ["uart", "wifi", "betaflight"],
                "platform": "esp8285",
                "firmware": "Unified_ESP8285_2400_RX"
            },
            "rp2": {
                "product_name": "RadioMaster RP2 2.4GHz RX",
                "lua_name": "RM RP2",
                "layout_file": "Generic 2400.json",
                "upload_methods": ["uart", "wifi", "betaflight"],
                "platform": "esp8285",
                "firmware": "Unified_ESP8285_2400_RX"
            },
            "rp3": {
                "product_name": "RadioMaster RP3 Diversity 2.4GHz RX",
                "lua_name": "RM RP3",
                "layout_file": "Generic 2400 Diversity PA.json",
                "overlay": {
                    "radio_dcdc": true
                },
                "upload_methods": ["uart", "wifi", "betaflight"],
                "platform": "esp8285",
                "firmware": "Unified_ESP8285_2400_RX"
            }
        }
    },
    "siyi": {
        "name": "SIYI",
        "tx_2400": {
            "fm30": {
                "product_name": "SIYI FM30 2.4GHz TX",
                "upload_methods": ["dfu", "stlink"],
                "platform": "stm32",
                "firmware": "FM30_TX",
                "stlink": {
                    "cpus": ["STM32F103C8T6", "STM32F103CBT6"],
                    "offset": "0x1000",
                    "bootloader": "fm30_bootloader.bin"
                }
            },
            "rx_as_tx": {
                "product_name": "SIYI FM30 Mini 2.4GHz RX as TX",
                "upload_methods": ["uart", "stlink"],
                "platform": "stm32",
                "firmware": "FM30_RX_MINI_AS_TX",
                "stlink": {
                    "cpus": ["STM32F373CCT6"],
                    "offset": "0x4000",
                    "bootloader": "fm30_mini_rxtx_bootloader.bin"
                }
            }
        },
        "rx_2400": {
            "mini": {
                "product_name": "SIYI FM30 Mini 2.4GHz RX",
                "upload_methods": ["uart", "stlink"],
                "platform": "stm32",
                "firmware": "FM30_RX_MINI",
                "stlink": {
                    "cpus": ["STM32F373CCT6"],
                    "offset": "0x4000",
                    "bootloader": "fm30_mini_bootloader.bin"
                }
            }
        }
    },
    "skystars": {
        "name": "Skystars",
        "rx_2400": {
            "ss24d": {
                "product_name": "Skystars SS24D 2.4GHz RX",
                "lua_name": "Skystars SS24D",
                "layout_file": "Generic 2400 PA.json",
                "upload_methods": ["uart", "wifi", "betaflight"],
                "platform": "esp8285",
                "firmware": "Unified_ESP8285_2400_RX",
                "prior_target_name": "MATEK_2400_RX"
            }
        }
    },
    "vantac": {
        "name": "Vantac",
        "tx_2400": {
            "lite": {
                "product_name": "Vantac Lite 2.4GHz TX",
                "lua_name": "Vantac Lite 2G4",
                "layout_file": "Vantac Lite.json",
                "upload_methods": ["uart", "wifi"],
                "platform": "esp32",
                "firmware": "Unified_ESP32_2400_TX",
                "prior_target_name": "Vantac_Lite_2400_TX"
            }
        },
        "rx_2400": {
            "plain": {
                "product_name": "Vantac 2.4GHz RX",
                "lua_name": "Vantac 2400 RX",
                "layout_file": "Generic 2400 PA.json",
                "upload_methods": ["uart", "wifi", "betaflight"],
                "platform": "esp8285",
                "firmware": "Unified_ESP8285_2400_RX",
                "prior_target_name": "Vantac_2400_RX"
            }
        }
    }
}
