{
    "serial_rx": 3,
    "serial_tx": 1,
    "radio_busy": 36,
    "radio_dio1": 39,
    "radio_miso": 38,
    "radio_mosi": 23,
    "radio_nss": 10,
    "radio_rst": 9,
    "radio_sck": 18,
    "power_min": 0,
    "power_high": 0,
    "power_max": 0,
    "power_default": 0,
    "power_control": 0,
    "power_values": [13],
    "led_rgb": 2,
    "led_rgb_isgrb": true,
    "ledidx_rgb_status": [0],
    "ledidx_rgb_vtx": [1],
    "ledidx_rgb_boot": [0,1],
    "vtx_nss": 15,
    "vtx_miso": 37,
    "vtx_mosi": 13,
    "vtx_sck": 14,
    "vtx_amp_pwm": 25,
    "vtx_amp_vpd": 35,
    "vtx_amp_vref": 26,
    "vtx_amp_vpd_25mW": [1350,1350,1350,1350],
    "vtx_amp_vpd_100mW": [1600,1600,1600,1600],
    "pwm_outputs": [4, 5, 12, 21, 22, 27, 32, 33],
    "vbat": 34,
    "vbat_offset": 12,
    "vbat_scale": 410,
    "button": 0
}
