{
    "serial_rx": 13,
    "serial_tx": 13,
    "radio_dio0": 4,
    "radio_miso": 19,
    "radio_mosi": 23,
    "radio_nss": 5,
    "radio_rst": 14,
    "radio_sck": 18,
    "power_rxen": 12,
    "power_min": 0,
    "power_high": 7,
    "power_max": 7,
    "power_default": 2,
    "power_control": 3,
    "power_values": [2,10,20,30,60,110,140,225],
    "power_apc2": 26,
    "led_rgb": 27,
    "led_rgb_isgrb": true,
    "use_backpack": true,
    "debug_backpack_baud": 460800,
    "debug_backpack_rx": 16,
    "debug_backpack_tx": 17,
    "backpack_boot": 15,
    "backpack_en": 25,
    "passthrough_baud": 230400,
    "misc_fan_en": 32
}