{
    "serial_rx": 2,
    "serial_tx": 2,
    "radio_dio0": 26,
    "radio_dio1": 25,
    "radio_miso": 19,
    "radio_mosi": 23,
    "radio_nss": 5,
    "radio_rst": 14,
    "radio_sck": 18,
    "power_apc2": 25,
    "power_rxen": 13,
    "power_txen": 12,
    "power_min": 0,
    "power_high": 4,
    "power_max": 6,
    "power_default": 2,
    "power_control": 3,
    "power_values": [41,60,73,90,110,132,190],
    "led_rgb": 27,
    "led_rgb_isgrb": true,
    "use_backpack": true,
    "debug_backpack_baud": 460800,
    "debug_backpack_rx": 3,
    "debug_backpack_tx": 1,
    "misc_fan_en": 17
}